INSERT INTO MUSCLE (mid, mName) VALUES 
    (1,'BICEPS BRACHII'),
    (2,'CORACO-BRACHIALIS'),
    (3,'BRACHIALIS'),
    (4,'TRICEPS'),
    (5,'PRONATOR TERES'),
    (6,'FLEXOR CARPI RADIALS'),
    (7,'PALMARIS LONGUS'),
    (8,'FLEXOR CARPI ULNARIS'),
    (9,'FLEXOR DEGITORAM SUPERFICIALIS'),
    (10,'FLEXOR POLICIS LONGUS'),
    (11,'FLEXOR DIGITORAM PROFUNDUS'),
    (12,'PRONATOR QUADRATUS'),
    (13,'BRACHIORADIALIS'),
    (14,'EXTENSOR CARPI RADIALIS LONGUS'),
    (15,'EXTENSOR CARPI RADIALIS BREVIS'),
    (16,'EXTENSOR DIGITORUM'),
    (17,'EXTENSOR DIGITORUM MINIMI'),
    (18,'EXTENSOR CARPI ULNARIS'),
    (19,'ANCONEUS'),
    (20,'SUPINATOR'),
    (21,'ABDACTOR POLLICIS LONGUS'),
    (22,'EXTENSOR POLLICIS BREVIS'),
    (23,'EXTENSOR POLLICIS LONGUS'),
    (24,'EXTENSOR INDICIS'),
    (25,'PECTORALIS MAJOR'),
    (26,'PECTORALIS MINOR'),
    (27,'SUBCLAVIUS'),
    (28,'SERRATUS ANTERIOR'),
    (29,'TRAPEZIUS'),
    (30,'LATISSIMUS DORSI'),
    (32,'LEVATOR SCAPULAE'),
    (33,'RHOMBOID MINOR'),
    (34,'RHOMBOID MAJOR'),
    (35,'DELTOID'),
    (36,'SUPRASPINATUS'),
    (37,'INFRASPINATUS'),
    (38,'TERES MAJOR'),
    (39,'TERES MINOR'),
    (40,'SUBSCAPULARIS'),
    (41,'PALMARIUS BREVIS'),
    (42,'LUMBRICALS (4)'),
    (43,'INTEROSSEI (8)'),
    (44,'ABDUCTOR POLLICIS BREVIS'),
    (45,'FLEXOR POLLICIS BREVIS'),
    (46,'OPPONENS POLLICIS'),
    (47,'ADDUCTOR POLLICIS'),
    (48,'ABDUCTOR DIGITI MINIMI'),
    (49,'FLEXOR DIGITI MINIMI'),
    (50,'OPPONENS DIGITI MINIMI');

INSERT INTO MUSCLE (mid, mName) VALUES 
    (101, 'OCCIPITALIS'),
    (102,'FRONTALIS'),
    (103,'ORBITAL ORBICULARIS OCULI'),
    (104,'PALPEBRAL ORBICULARIS OCULI'),
    (105,'LACRIMINAL ORBICULARIS OCULI'),
    (106,'CORRUGATOR SUPERCILII'),
    (107,'DEPRESSOR SUPERCILII'),
    (108,'LEVATOR PALPEBRAE SUPERIORIS'),
    (109,'SUPERIOR TARSAL'),
    (110,'RECTUS SUPERIOR'),
    (111,'RECTUS INFERIOR'),
    (112,'RECTUS MEDIAL'),
    (113,'RECTUS LATERAL'),
    (114,'OBLIQUE SUPERIOR'),
    (115,'OBLIQUE INFERIOR'),
    (116,'TEMPOROPARIETALIS'),
    (117,'AURICULARIS ANTERIOR'),
    (118,'AURICULARIS SUPERIOR'),
    (119,'AURICULARIS POSTERIOR'),
    (120,'HELICIS MAJOR'),
    (121,'HELICIS MINOR'),
    (122,'TRAGICUS'),
    (123,'ANTITRAGICUS'),
    (124,'AURICLE TRANSVERSE'),
    (125,'AURICLE OBLIQUE'),
    (126,'MUSCLE OF TERMINAL NOTCH IN THE INTRINSIC AURICULAR'),
    (127,'STAPEDIUS'),
    (128,'TENSOR TYMPANI'),
    (129,'PROCERUS'),
    (130,'DEPRESSOR SEPTI NASI'),
    (131,'LEVANTOR LABII SUPERIORIS ALAEQUE NASI'),
    (132,'NASALIS TRANSVERSE'),
    (133,'NASALIS ALAR'),
    (134,'LEVANTOR ANGULI ORIS'),
    (135,'DEPRESSOR ANGULIS ORIS'),
    (136,'TRANSVERSUS MENTI'),
    (137,'LEVATOR LABII SUPERIORIS'),
    (138,'DEPRESSOR LABII INFERIORIS'),
    (139,'MENTALIS'),
    (140,'BUCINATOR'),
    (141,'ORBICULARIS ORIS MARGINAL'),
    (142,'ORBICULARIS ORIS LABIAL'),
    (143,'RISORIUS'),
    (144,'ZYGOMATICUS MAJOR'),
    (145,'ZYGOMATICUS MINOR'),
    (146,'MASSETER SUPERIFICIAL'),
    (147,'MESSETER DEEP'),
    (148,'TEMPORALIS'),
    (149,'PTERYGOID LATERAL'),
    (150,'PTERYGOIDEUS PROPRIUS'),
    (151,'PTERYGOID MEDIAL'),
    (152,'GENIOGLOSSUS INFERIOR'),
    (153,'GENRIOGLOSSUS MIDDLE'),
    (154,'GENRIOGLOSSUS SUPERIOR'),
    (155,'HYPOGLOSSUS'),
    (156,'CHONDROGLOSSUS'),
    (157,'STYLOGLOSSUS'),
    (158,'PALATOGLOSSUS'),
    (159,'SUPERIOR LONGITUDINAL LINGUAL'),
    (160,'TRANSVERSE LINGUAE'),
    (161,'INFERIOR LONGITUDINAL LINGUAL'),
    (162,'VERTICALIS LINGUAE'),
    (163,'TENSOR VELI PALATINI'),
    (164,'LEVATOR VELI PALATINI'),
    (165,'PALATOPHARYNGEUS'),
    (166,'UVULAE'),
    (167,'STYLOPHARYNGEUS'),
    (168,'SALGINGO PHARYNGEUS'),
    (169,'PHARYNGEAL CONSTRICTOR INFERIOR, THEROPHARYNGEAL'),
    (170,'PHARYNGEAL CONSTRICTOR INFERIOR, CRICOPHARYNGEAL'),
    (171,'PHARYNGEAL CONSTRICTOR MIDDLE, CHONDROPHARYNGEAL'),
    (172,'PHARYNGEAL CONSTRICTOR MIDDLE, CERATOPHARYNGEAL'),
    (173,'PHARYNGEAL CONSTRICTOR SUPERIOR, PTERYGOPHARYNGEAL'),
    (174,'PHARYNGEAL CONSTRICTOR SUPERIOR, BUCCOPHARYNGEAL'),
    (175,'PHARYNGEAL CONSTRICTOR SUPERIOR, MYLOPHARYNGEAL'),
    (176,'PHARYNGEAL CONSTRICTOR SUPERIOR, GLOSSOPHARYNGEAL'),
    (177,'CRICOTHYROID, STRAIGHT'),
    (178,'CRICOTHYROID, OBLIQUE'),
    (179,'ARYTENOID, TRANSVERSE'),
    (180,'ARYTENOID, OBLIQUE'),
    (181,'ARYTENOID, OBLIQUE, ARYEPIGLOTTIC'),
    (182,'VOCALIS'),
    (183,'THYROARYTENOID, THRYOEPIGLOTTIC'),
    (184,'THYROARYTENOID, EXTERNAL'),
    (185,'CRICOARYTENOID, POSTERIOR'),
    (186,'CRICOARYTENOID, LATERAL'),
    (187,'CERATOCRICOIDEUS');

INSERT INTO MUSCLE_GROUP (mgid, mgName) VALUES 
    (1,'BICEPS'),
    (2,'TRICEPS'),
    (3,'FOREARM'),
    (4,'CHEST'),
    (5,'BACK'),
    (6,'SHOULDER'),
    (7,'HAND');

INSERT INTO MUSCLE_GROUP (mgid, mgName) VALUES (8,'HEAD');

INSERT INTO MUSCLE_GROUP_MUSCLE (mid, mgid) VALUES 
    (1,1),
    (2,1),
    (3,1),
    (4,1),
    (5,3),
    (6,3),
    (7,3),
    (8,3),
    (9,3),
    (10,3),
    (11,3),
    (12,3),
    (13,3),
    (14,3),
    (15,3),
    (16,3),
    (17,3),
    (18,3),
    (19,3),
    (20,3),
    (21,3),
    (22,3),
    (23,3),
    (24,3),
    (25,4),
    (26,4),
    (27,4),
    (28,4),
    (29,5),
    (30,5),
    (32,5),
    (33,5),
    (34,5),
    (35,5),
    (36,6),
    (37,5),
    (38,5),
    (39,6),
    (40,6),
    (41,7),
    (42,7),
    (43,7),
    (44,7),
    (45,7),
    (46,7),
    (47,7),
    (48,7),
    (49,7),
    (50,7);

INSERT INTO MUSCLE_GROUP_MUSCLE (mid, mgid) VALUES 
    (101,8),
    (102,8),
    (103,8),
    (104,8),
    (105,8),
    (106,8),
    (107,8),
    (108,8),
    (109,8),
    (110,8),
    (111,8),
    (112,8),
    (113,8),
    (114,8),
    (115,8),
    (116,8),
    (117,8),
    (118,8),
    (119,8),
    (120,8),
    (121,8),
    (122,8),
    (123,8),
    (124,8),
    (125,8),
    (126,8),
    (127,8),
    (128,8),
    (129,8),
    (130,8),
    (131,8),
    (132,8),
    (133,8),
    (134,8),
    (135,8),
    (136,8),
    (137,8),
    (138,8),
    (139,8),
    (140,8),
    (141,8),
    (142,8),
    (143,8),
    (144,8),
    (145,8),
    (146,8),
    (147,8),
    (148,8),
    (149,8),
    (150,8),
    (151,8),
    (152,8),
    (153,8),
    (154,8),
    (155,8),
    (156,8),
    (157,8),
    (158,8),
    (159,8),
    (160,8),
    (161,8),
    (162,8),
    (163,8),
    (164,8),
    (165,8),
    (166,8),
    (167,8),
    (168,8),
    (169,8),
    (170,8),
    (171,8),
    (172,8),
    (173,8),
    (174,8),
    (175,8),
    (176,8),
    (177,8),
    (178,8),
    (179,8),
    (180,8),
    (181,8),
    (182,8),
    (183,8),
    (184,8),
    (185,8),
    (186,8),
    (187,8);