INSERT INTO MUSCLE (mid,mName) VALUES 
	(1,'OCCIPITALIS'),
	(2,'FRONTALIS'),
	(3,'ORBICULARIS OCULI ORBITAL PART'),
	(4,'ORBICULARIS OCULI PALPEBRAL PART'),
	(5,'ORBICULARIS OCULI DEEP PALPEBRAL (LACRIMAL) PART'),
	(6,'CORRUGATOR SUPERCILII'),
	(7,'DEPRESSOR SUPERCILII'),
	(8,'LEVATOR PALPEBRAE SUPERIORIS'),
	(9,'SUPERIOR TARSAL'),
	(10,'RECTUS SUPERIOR'),
	(11,'RECTUS INFERIOR'),
	(12,'RECTUS MEDIAL'),
	(13,'RECTUS LATERAL'),
	(14,'OBLIQUE SUPERIOR'),
	(15,'OBLIQUE INFERIOR'),
	(16,'TEMPOROPARIETALIS'),
	(17,'AURICULARIS ANTERIOR'),
	(18,'AURICULARIS SUPERIOR'),
	(19,'AURICULARIS POSTERIOR'),
	(20,'HELICIS MAJOR'),
	(21,'HELICIS MINOR'),
	(22,'TRAGICUS'),
	(23,'ANTITRAGICUS'),
	(24,'AURICLE TRANSVERSE'),
	(25,'AURICLE OBLIQUE'),
	(26,'MUSCLE OF TERMINAL NOTCH[2]'),
	(27,'STAPEDIUS'),
	(28,'TENSOR TYMPANI'),
	(29,'PROCERUS'),
	(30,'DEPRESSOR SEPTI NASI'),
	(31,'LEVATOR NASOLABIALIS (LEVATOR LABII SUPERIORIS ALAEQUE NASI)'),
	(32,'NASALIS TRANSVERSE PART'),
	(33,'NASALIS ALAR PART'),
	(34,'LEVATOR ANGULI ORIS'),
	(35,'DEPRESSOR ANGULI ORIS'),
	(36,'TRANSVERSUS MENTI'),
	(37,'LEVATOR LABII SUPERIORIS'),
	(38,'DEPRESSOR LABII INFERIORIS'),
	(39,'MENTALIS'),
	(40,'BUCINATOR (BUCCINATOR)'),
	(41,'ORBICULARIS ORIS MARGINAL PART'),
	(42,'ORBICULARIS ORIS LABIAL PART'),
	(43,'RISORIUS'),
	(44,'ZYGOMATICUS MAJOR'),
	(45,'ZYGOMATICUS MINOR'),
	(46,'MASSETER SUPERFICIAL PART'),
	(47,'MASSETER DEEP PART'),
	(48,'TEMPORALIS'),
	(49,'PTERYGOID LATERAL'),
	(50,'PTERYGOIDEUS PROPRIUS[4]'),
	(51,'PTERYGOID MEDIAL'),
	(52,'GENIOGLOSSUS INFERIOR FIBERS'),
	(53,'GENIOGLOSSUS MIDDLE FIBERS'),
	(54,'GENIOGLOSSUS SUPERIOR FIBERS'),
	(55,'HYOGLOSSUS (CERATOGLOSSUS)'),
	(56,'CHONDROGLOSSUS'),
	(57,'STYLOGLOSSUS'),
	(58,'PALATOGLOSSUS'),
	(59,'SUPERIOR LONGITUDINAL LINGUAL'),
	(60,'TRANSVERSUS LINGUAE'),
	(61,'INFERIOR LONGITUDINAL LINGUAL'),
	(62,'VERTICALIS LINGUAE'),
	(63,'TENSOR VELI PALATINI'),
	(64,'LEVATOR VELI PALATINI'),
	(65,'PALATOPHARYNGEUS'),
	(66,'UVULAE'),
	(67,'STYLOPHARYNGEUS'),
	(68,'SALPINGOPHARYNGEUS'),
	(69,'PHARYNGEAL CONSTRICTOR INFERIOR THYROPHARYNGEAL PART'),
	(70,'PHARYNGEAL CONSTRICTOR INFERIOR CRICOPHARYNGEAL PART'),
	(71,'PHARYNGEAL CONSTRICTOR MIDDLE CHONDROPHARYNGEAL PART'),
	(72,'PHARYNGEAL CONSTRICTOR MIDDLE CERATOPHARYNGEAL PART'),
	(73,'PHARYNGEAL CONSTRICTOR SUPERIOR PTERYGOPHARYNGEAL PART'),
	(74,'PHARYNGEAL CONSTRICTOR SUPERIOR BUCCOPHARYNGEAL PART'),
	(75,'PHARYNGEAL CONSTRICTOR SUPERIOR MYLOPHARYNGEAL PART'),
	(76,'PHARYNGEAL CONSTRICTOR SUPERIOR GLOSSOPHARYNGEAL PART'),
	(77,'CRICOTHYROID STRAIGHT PART'),
	(78,'CRICOTHYROID OBLIQUE PART'),
	(79,'ARYTENOID TRANSVERSE'),
	(80,'ARYTENOID OBLIQUE'),
	(81,'ARYTENOID OBLIQUE ARYEPIGLOTTIC PART'),
	(82,'VOCALIS'),
	(83,'THYROARYTENOID THYROEPIGLOTTIC PART'),
	(84,'THYROARYTENOID EXTERNAL PART'),
	(85,'CRICOARYTENOID POSTERIOR'),
	(86,'CRICOARYTENOID LATERAL'),
	(87,'CERATOCRICOIDEUS[5][6]'),
	(88,'PLATYSMA'),
	(89,'STERNOCLEIDOMASTOID'),
	(90,'DIGASTRIC ANTERIOR BELLY'),
	(91,'DIGASTRIC POSTERIOR BELLY'),
	(92,'STYLOHYOID'),
	(93,'MYLOHYOID'),
	(94,'GENIOHYOID'),
	(95,'STERNOHYOID'),
	(96,'STERNOTHYROID'),
	(97,'THYROHYOID'),
	(98,'OMOHYOID SUPERIOR BELLY'),
	(99,'OMOHYOID INFERIOR BELLY'),
	(100,'LEVATOR GLANDULAE THYROIDEAE'),
	(101,'LONGUS COLLI'),
	(102,'LONGUS CAPITIS'),
	(103,'RECTUS CAPITIS ANTERIOR'),
	(104,'RECTUS CAPITIS LATERALIS'),
	(105,'SCALENUS ANTERIOR'),
	(106,'SCALENUS MEDIUS'),
	(107,'SCALENUS POSTERIOR'),
	(108,'SCALENUS MINIMUS'),
	(109,'LEVATOR SCAPULAE'),
	(110,'OBLIQUUS CAPITIS SUPERIOR'),
	(111,'OBLIQUUS CAPITIS INFERIOR'),
	(112,'RECTUS CAPITIS POSTERIOR MINOR'),
	(113,'RECTUS CAPITIS POSTERIOR MAJOR'),
	(114,'RECTUS ABDOMINIS'),
	(115,'EXTERNAL ABDOMINAL OBLIQUE'),
	(116,'INTERNAL ABDOMINAL OBLIQUE'),
	(117,'CREMASTER'),
	(118,'TRANSVERSUS ABDOMINIS'),
	(119,'PYRAMIDALIS'),
	(120,'QUADRATUS LUMBORUM'),
	(121,'ILIOCOSTALIS COLLI'),
	(122,'ILIOCOSTALIS LUMBORUM'),
	(123,'ILIOCOSTALIS THORACIS'),
	(124,'LONGISSIMUS CAPITIS'),
	(125,'LONGISSIMUS COLLI'),
	(126,'LONGISSIMUS THORACIS'),
	(127,'LONGISSIMUS THORACIS LUMBAR PART'),
	(128,'SPINALIS CAPITIS'),
	(129,'SPINALIS COLLI'),
	(130,'SPINALIS THORACIS'),
	(131,'LATISSIMUS DORSI'),
	(132,'SEMISPINALIS THORACIS'),
	(133,'SEMISPINALIS COLLI (CERVICIS)'),
	(134,'SEMISPINALIS CAPITIS'),
	(135,'MULTIFIDUS LUMBORUM'),
	(136,'MULTIFIDUS THORACIS'),
	(137,'MULTIFIDUS COLLI'),
	(138,'ROTATORES LONG 1-11'),
	(139,'ROTATORES SHORT 1-11'),
	(140,'ROTATORES LUMBORUM'),
	(141,'ROTATORES COLLI'),
	(142,'INTERSPINALES LUMBORUM 1-4'),
	(143,'INTERSPINALES THORACIS 1-3'),
	(144,'INTERSPINALES COLLI 1-6'),
	(145,'INTERTRANSVERSARII ANTERIOR COLLI 1-7'),
	(146,'INTERTRANSVERSARII LATERAL POSTERIOR COLLI 1-7'),
	(147,'INTERTRANSVERSARII MEDIAL POSTERIOR COLLI 1-7'),
	(148,'INTERTRANSVERSARII LATERAL LUMBORUM DORSAL PARTS 1-5'),
	(149,'INTERTRANSVERSARII LATERAL LUMBORUM VENTRAL PARTS 1-5'),
	(150,'INTERTRANSVERSARII MEDIAL LUMBORUM 1-5'),
	(151,'INTERTRANSVERSARII THORACIS 1-9'),
	(152,'SPLENIUS CAPITIS'),
	(153,'SPLENIUS COLLI'),
	(154,'EXTERNAL INTERCOSTAL 1-11'),
	(155,'INTERNAL INTERCOSTAL 1-11'),
	(156,'INNERMOST INTERCOSTAL 1-11'),
	(157,'SUBCOSTALES 1-N'),
	(158,'TRANSVERSUS THORACIS'),
	(159,'LEVATORES COSTARUM LONGI 1-4'),
	(160,'LEVATORES COSTARUM BREVES 1-12'),
	(161,'SERRATUS POSTERIOR INFERIOR'),
	(162,'SERRATUS POSTERIOR SUPERIOR'),
	(163,'HEMIDIAPHRAGM LUMBAR/COSTAL/STERNAL PART'),
	(164,'COCCYGEUS'),
	(165,'ILIOCOCCYGEUS'),
	(166,'PUBOCOCCYGEUS'),
	(167,'PUBOANALIS (PUBORECTALIS)'),
	(168,'PUBOPERINEALIS'),
	(169,'PUBOPROSTATICUS (MALES) / PUBOVAGINALIS (FEMALES)'),
	(170,'EXTERNAL ANAL SPHINCTER SUBCUTANEOUS SUPERFICIAL AND DEEP PARTS'),
	(171,'SUPERFICIAL TRANSVERSE PERINEAL'),
	(172,'BULBOSPONGIOSUS'),
	(173,'ISCHIOCAVERNOSUS'),
	(174,'DEEP TRANSVERSE PERINEAL'),
	(175,'COMPRESSOR URETHRAE'),
	(176,'SPHINCTER URETHROVAGINALIS'),
	(177,'EXTERNAL URETHRAL SPHINCTER'),
	(178,'TRAPEZIUS DESCENDING PART'),
	(179,'TRAPEZIUS TRANSVERSE PART'),
	(180,'TRAPEZIUS ASCENDING PART'),
	(181,'TRANSVERSUS NUCHAE'),
	(182,'RHOMBOID MAJOR'),
	(183,'RHOMBOID MINOR'),
	(184,'STERNALIS'),
	(185,'PECTORALIS MAJOR'),
	(186,'PECTORALIS MAJOR ABDOMINAL PART'),
	(187,'PECTORALIS MINOR'),
	(188,'SUBCLAVIUS'),
	(189,'SERRATUS ANTERIOR'),
	(190,'DELTOID CLAVICULAR/ACROMIAL/SCAPULAR SPINAL PARTS'),
	(191,'TERES MAJOR'),
	(192,'SUPRASPINATUS'),
	(193,'INFRASPINATUS'),
	(194,'TERES MINOR'),
	(195,'SUBSCAPULARIS'),
	(196,'CORACOBRACHIALIS'),
	(197,'BICEPS BRACHII'),
	(198,'BRACHIALIS'),
	(199,'TRICEPS BRACHII'),
	(200,'ARTICULARIS CUBITI'),
	(201,'ANCONEUS'),
	(202,'PRONATOR TERES'),
	(203,'FLEXOR CARPI RADIALIS'),
	(204,'PALMARIS LONGUS'),
	(205,'FLEXOR CARPI ULNARIS'),
	(206,'FLEXOR DIGITORUM SUPERFICIALIS'),
	(207,'PRONATOR QUADRATUS'),
	(208,'FLEXOR DIGITORUM PROFUNDUS'),
	(209,'FLEXOR POLLICIS LONGUS'),
	(210,'EXTENSOR DIGITORUM'),
	(211,'EXTENSOR DIGITI MINIMI'),
	(212,'EXTENSOR CARPI ULNARIS'),
	(213,'BRACHIORADIALIS'),
	(214,'EXTENSOR CARPI RADIALIS LONGUS'),
	(215,'EXTENSOR CARPI RADIALIS BREVIS'),
	(216,'SUPINATOR'),
	(217,'EXTENSOR INDICIS'),
	(218,'ABDUCTOR POLLICIS LONGUS'),
	(219,'EXTENSOR POLLICIS BREVIS'),
	(220,'EXTENSOR POLLICIS LONGUS'),
	(221,'OPPONENS POLLICIS'),
	(222,'FLEXOR POLLICIS BREVIS'),
	(223,'ABDUCTOR POLLICIS BREVIS'),
	(224,'ADDUCTOR POLLICIS'),
	(225,'PALMARIS BREVIS'),
	(226,'ABDUCTOR DIGITI MINIMI (HAND)'),
	(227,'FLEXOR DIGITI MINIMI (HAND)'),
	(228,'OPPONENS DIGITI MINIMI (HAND)'),
	(229,'LUMBRICALS OF THE HAND 1-4'),
	(230,'DORSAL INTEROSSEI (HAND) 1-4'),
	(231,'PALMAR INTEROSSEI 1-3'),
	(232,'POLLICAL PALMAR INTEROSSEUS'),
	(233,'PSOAS MAJOR'),
	(234,'PSOAS MINOR'),
	(235,'ILIACUS'),
	(236,'TENSOR FASCIAE LATAE'),
	(237,'GLUTEUS MAXIMUS'),
	(238,'GLUTEUS MEDIUS'),
	(239,'GLUTEUS MINIMUS'),
	(240,'PIRIFORMIS'),
	(241,'OBTURATOR EXTERNUS'),
	(242,'SUPERIOR GEMELLUS'),
	(243,'OBTURATOR INTERNUS'),
	(244,'INFERIOR GEMELLUS'),
	(245,'QUADRATUS FEMORIS'),
	(246,'ARTICULARIS GENUS'),
	(247,'SARTORIUS'),
	(248,'RECTUS FEMORIS'),
	(249,'VASTUS LATERALIS'),
	(250,'VASTUS INTERMEDIUS'),
	(251,'VASTUS MEDIALIS'),
	(252,'BICEPS FEMORIS'),
	(253,'SEMITENDINOSUS'),
	(254,'SEMIMEMBRANOSUS'),
	(255,'GRACILIS'),
	(256,'PECTINEUS'),
	(257,'ADDUCTOR BREVIS'),
	(258,'ADDUCTOR LONGUS'),
	(259,'ADDUCTOR MAGNUS ADDUCTOR PART'),
	(260,'ADDUCTOR MINIMUS'),
	(261,'ADDUCTOR MAGNUS ISCHIOCONDYLAR PART'),
	(262,'TIBIALIS ANTERIOR'),
	(263,'EXTENSOR HALLUCIS LONGUS'),
	(264,'EXTENSOR DIGITORUM LONGUS'),
	(265,'FIBULARIS TERTIUS'),
	(266,'GASTROCNEMIUS'),
	(267,'SOLEUS'),
	(268,'PLANTARIS'),
	(269,'POPLITEUS'),
	(270,'FLEXOR HALLUCIS LONGUS'),
	(271,'FLEXOR DIGITORUM LONGUS'),
	(272,'TIBIALIS POSTERIOR'),
	(273,'FIBULARIS LONGUS'),
	(274,'FIBULARIS BREVIS'),
	(275,'EXTENSOR DIGITORUM BREVIS'),
	(276,'EXTENSOR HALLUCIS BREVIS'),
	(277,'DORSAL INTEROSSEI (FOOT) 1-4'),
	(278,'ABDUCTOR HALLUCIS'),
	(279,'FLEXOR DIGITORUM BREVIS'),
	(280,'ABDUCTOR DIGITI MINIMI (FOOT)'),
	(281,'ABDUCTOR OF FIFTH METATARSAL ABDUCTOR OSSIS METATARSI QUINTI (FOOT)'),
	(282,'QUADRATUS PLANTAE'),
	(283,'LUMBRICALS OF THE FOOT 1-4'),
	(284,'FLEXOR HALLUCIS BREVIS'),
	(285,'ADDUCTOR HALLUCIS'),
	(286,'FLEXOR DIGITI MINIMI BREVIS (FOOT)'),
	(287,'OPPONENS DIGITI MINIMI MUSCLE OF FOOT (OPPONENS DIGITI QUINTI)'),
	(288,'PLANTAR INTEROSSEI 1-3');

INSERT INTO MUSCLE_LOCATION (mlid,mlName) VALUES 
	(1,'ABDOMINAL'),
	(2,'BACK'),
	(3,'CHEST'),
	(4,'FOOT'),
	(5,'FOREARM'),
	(6,'GLUTEAL'),
	(7,'GROIN'),
	(8,'HAND'),
	(9,'HEAD'),
	(10,'LOWER LEG'),
	(11,'NECK'),
	(12,'PELVIS'),
	(13,'SHOULDER'),
	(14,'THIGH'),
	(15,'UPPER ARM');

INSERT INTO MUSCLE_GROUP (mgid,mgName) VALUES 
	(1,'ABDUCTOR'),
	(2,'ADDUCTOR'),
	(3,'BICEP'),
	(4,'CALF'),
	(5,'HAMSTRING'),
	(6,'PECTORALS'),
	(7,'QUADRICEP'),
	(8,'RHOMBOID'),
	(9,'ROTATOR CUFF'),
	(10,'TRAPEZIUS'),
	(11,'TRICEP');

INSERT INTO MUSCLE_LOCATION_MUSCLE (mid,mlid) VALUES 
	(1,9),
	(2,9),
	(3,9),
	(4,9),
	(5,9),
	(6,9),
	(7,9),
	(8,9),
	(9,9),
	(10,9),
	(11,9),
	(12,9),
	(13,9),
	(14,9),
	(15,9),
	(16,9),
	(17,9),
	(18,9),
	(19,9),
	(20,9),
	(21,9),
	(22,9),
	(23,9),
	(24,9),
	(25,9),
	(26,9),
	(27,9),
	(28,9),
	(29,9),
	(30,9),
	(31,9),
	(32,9),
	(33,9),
	(34,9),
	(35,9),
	(36,9),
	(37,9),
	(38,9),
	(39,9),
	(40,9),
	(41,9),
	(42,9),
	(43,9),
	(44,9),
	(45,9),
	(46,9),
	(47,9),
	(48,9),
	(49,9),
	(50,9),
	(51,9),
	(52,9),
	(53,9),
	(54,9),
	(55,9),
	(56,9),
	(57,9),
	(58,9),
	(59,9),
	(60,9),
	(61,9),
	(62,9),
	(63,9),
	(64,9),
	(65,9),
	(66,9),
	(67,9),
	(68,9),
	(69,9),
	(70,9),
	(71,9),
	(72,9),
	(73,9),
	(74,9),
	(75,9),
	(76,9),
	(77,9),
	(78,9),
	(79,9),
	(80,9),
	(81,9),
	(82,9),
	(83,9),
	(84,9),
	(85,9),
	(86,9),
	(87,9),
	(88,11),
	(89,11),
	(90,11),
	(91,11),
	(92,11),
	(93,11),
	(94,11),
	(95,11),
	(96,11),
	(97,11),
	(98,11),
	(99,11),
	(100,11),
	(101,11),
	(102,11),
	(103,11),
	(104,11),
	(105,11),
	(106,11),
	(107,11),
	(108,11),
	(109,11),
	(110,11),
	(111,11),
	(112,11),
	(113,11),
	(114,1),
	(115,1),
	(116,1),
	(117,7),
	(118,1),
	(119,1),
	(120,1),
	(121,2),
	(122,2),
	(123,2),
	(124,11),
	(125,2),
	(126,2),
	(127,2),
	(128,2),
	(129,2),
	(130,2),
	(131,2),
	(132,2),
	(133,2),
	(134,11),
	(135,2),
	(136,2),
	(137,2),
	(138,2),
	(139,2),
	(140,2),
	(141,2),
	(142,2),
	(143,2),
	(144,2),
	(145,2),
	(146,2),
	(147,2),
	(148,2),
	(149,2),
	(150,2),
	(151,2),
	(152,11),
	(153,2),
	(154,3),
	(155,3),
	(156,3),
	(157,3),
	(158,3),
	(159,3),
	(160,3),
	(161,3),
	(162,3),
	(163,3),
	(164,12),
	(165,12),
	(166,12),
	(167,12),
	(168,12),
	(169,12),
	(170,7),
	(171,7),
	(172,7),
	(173,7),
	(174,7),
	(175,7),
	(176,7),
	(177,7),
	(178,2),
	(179,2),
	(180,2),
	(181,2),
	(182,2),
	(183,2),
	(184,3),
	(185,3),
	(186,3),
	(187,3),
	(188,3),
	(189,3),
	(190,13),
	(191,13),
	(192,13),
	(193,13),
	(194,13),
	(195,13),
	(196,15),
	(197,15),
	(198,15),
	(199,15),
	(200,15),
	(201,15),
	(202,5),
	(203,5),
	(204,5),
	(205,5),
	(206,5),
	(207,5),
	(208,5),
	(209,5),
	(210,5),
	(211,5),
	(212,5),
	(213,5),
	(214,5),
	(215,5),
	(216,5),
	(217,5),
	(218,5),
	(219,5),
	(220,5),
	(221,8),
	(222,8),
	(223,8),
	(224,8),
	(225,8),
	(226,8),
	(227,8),
	(228,8),
	(229,8),
	(230,8),
	(231,8),
	(232,8),
	(233,2),
	(234,2),
	(235,2),
	(236,6),
	(237,6),
	(238,6),
	(239,6),
	(240,6),
	(241,6),
	(242,6),
	(243,6),
	(244,6),
	(245,6),
	(246,14),
	(247,14),
	(248,14),
	(249,14),
	(250,14),
	(251,14),
	(252,14),
	(253,14),
	(254,14),
	(255,14),
	(256,14),
	(257,14),
	(258,14),
	(259,14),
	(260,14),
	(261,14),
	(262,10),
	(263,10),
	(264,10),
	(265,10),
	(266,10),
	(267,10),
	(268,10),
	(269,10),
	(270,10),
	(271,10),
	(272,10),
	(273,10),
	(274,10),
	(275,4),
	(276,4),
	(277,4),
	(278,4),
	(279,4),
	(280,4),
	(281,4),
	(282,4),
	(283,4),
	(284,4),
	(285,4),
	(286,4),
	(287,4),
	(288,4);

INSERT INTO MUSCLE_GROUP_MUSCLE (mid,mgid) VALUES 
	(236,1),
	(238,1),
	(239,1),
	(240,1),
	(247,1),
	(255,2),
	(256,2),
	(257,2),
	(258,2),
	(259,2),
	(260,2),
	(261,2),
	(197,3),
	(266,4),
	(267,4),
	(252,5),
	(253,5),
	(254,5),
	(185,6),
	(186,6),
	(187,6),
	(248,7),
	(249,7),
	(250,7),
	(251,7),
	(182,8),
	(183,8),
	(192,9),
	(193,9),
	(194,9),
	(195,9),
	(178,10),
	(179,10),
	(180,10),
	(199,11);